﻿{
	"Circle": "Круг",
	"Oval": "Овал",
	"Rectangle": "Прямоугольник",
	"Hexagon": "Шестиугольник",
	"Trapezoid": "Трапеция",
	"Star": "Звезда",
	"Square": "Квадрат",
	"Triangle": "Треугольник",
	"Heart": "Сердце",

	"Red": "красный",
	"Blue": "синий",
	"Yellow": "желтый",
	"Green": "зеленый",
	"Purple": "фиолетовый",
	"Pink": "розовый",
	"Orange": "оранжевый",
	"Tan": "желтовато-коричневый",
	"Gray": "серый"
}